{
  "tags": {
    "allowUnknownTags": false
  },
  "source": {
    "include": "./",
    "includePattern": "(.js|README.md)$",
    "excludePattern": "(node_modules/|docs|dist|examples|libs|tests)"
  },
  "plugins": [
    "node_modules/jsdoc/plugins/markdown"
  ],
  "markdown": {
    "tags": ["param", "deprecated", "description"]
  },
  "opts": {
    "template": "node_modules/docdash/",
    "encoding": "utf8",
    "destination": "docs/",
    "recurse": true,
    "verbose": true
  },
  "templates": {
    "cleverLinks": false,
    "monospaceLinks": false
  }
}
